week_start,acquisition_channel,spend_brl,impressions,clicks,ctr,cpc_brl,orders_acquired,effective_cac_brl
2016-08-30,Email,250.0,40,3,0.075,0.0,1,250.0
2016-09-13,Paid Search,101.2,4000,80,0.02,1.27,2,50.6
2016-09-27,Paid Search,134.55,6000,120,0.02,1.12,3,44.85
2016-09-27,Paid Social,60.57,2000,40,0.02,1.51,1,60.57
2016-10-04,Display,1416.2,40000,800,0.02,1.77,20,70.81
2016-10-04,Email,250.0,1600,120,0.075,0.0,40,6.25
2016-10-04,Paid Search,3303.63,142000,2840,0.02,1.16,71,46.53
2016-10-04,Paid Social,3396.9,130000,2600,0.02,1.31,65,52.26
2016-10-18,Paid Search,37.3,2000,40,0.02,0.93,1,37.3
2017-01-03,Display,68.66,2000,40,0.02,1.72,1,68.66
2017-01-03,Email,250.0,320,24,0.075,0.0,8,31.25
2017-01-03,Paid Search,399.06,18000,360,0.02,1.11,9,44.34
2017-01-03,Paid Social,533.5,20000,400,0.02,1.33,10,53.35
2017-01-10,Display,457.44,12000,240,0.02,1.91,6,76.24
2017-01-10,Email,250.0,240,18,0.075,0.0,6,41.67
2017-01-10,Paid Search,663.36,48000,960,0.02,0.69,24,27.64
2017-01-10,Paid Social,1439.57,46000,920,0.02,1.56,23,62.59
2017-01-17,Display,1547.64,36000,720,0.02,2.15,18,85.98
2017-01-17,Email,250.0,840,63,0.075,0.0,21,11.9
2017-01-17,Paid Search,2467.45,122000,2440,0.02,1.01,61,40.45
2017-01-17,Paid Social,2228.32,76000,1520,0.02,1.47,38,58.64
2017-01-24,Display,3189.2,70000,1400,0.02,2.28,35,91.12
2017-01-24,Email,250.0,1560,117,0.075,0.0,39,6.41
2017-01-24,Paid Search,4234.62,178000,3560,0.02,1.19,89,47.58
2017-01-24,Paid Social,4002.66,148000,2960,0.02,1.35,74,54.09
2017-01-31,Display,2712.47,74000,1480,0.02,1.83,37,73.31
2017-01-31,Email,250.0,1920,144,0.075,0.0,48,5.21
2017-01-31,Paid Search,6295.39,254000,5080,0.02,1.24,127,49.57
2017-01-31,Paid Social,7120.5,202000,4040,0.02,1.76,101,70.5
2017-02-07,Display,4570.5,100000,2000,0.02,2.29,50,91.41
2017-02-07,Email,250.0,2400,180,0.075,0.0,60,4.17
2017-02-07,Paid Search,5389.02,294000,5880,0.02,0.92,147,36.66
2017-02-07,Paid Social,5460.06,202000,4040,0.02,1.35,101,54.06
2017-02-14,Display,2609.6,80000,1600,0.02,1.63,40,65.24
2017-02-14,Email,250.0,1760,132,0.075,0.0,44,5.68
2017-02-14,Paid Search,2897.1,180000,3600,0.02,0.8,90,32.19
2017-02-14,Paid Social,4957.56,188000,3760,0.02,1.32,94,52.74
2017-02-21,Display,1974.84,56000,1120,0.02,1.76,28,70.53
2017-02-21,Email,250.0,1120,84,0.075,0.0,28,8.93
2017-02-21,Paid Search,3613.54,212000,4240,0.02,0.85,106,34.09
2017-02-21,Paid Social,2676.05,130000,2600,0.02,1.03,65,41.17
2017-02-28,Display,4132.5,100000,2000,0.02,2.07,50,82.65
2017-02-28,Email,250.0,2120,159,0.075,0.0,53,4.72
2017-02-28,Paid Search,5302.85,278000,5560,0.02,0.95,139,38.15
2017-02-28,Paid Social,5894.72,208000,4160,0.02,1.42,104,56.68
2017-03-07,Display,3493.21,98000,1960,0.02,1.78,49,71.29
2017-03-07,Email,250.0,2640,198,0.075,0.0,66,3.79
2017-03-07,Paid Search,6145.1,326000,6520,0.02,0.94,163,37.7
2017-03-07,Paid Social,4843.1,190000,3800,0.02,1.27,95,50.98
2017-03-14,Display,3021.76,64000,1280,0.02,2.36,32,94.43
2017-03-14,Email,250.0,2560,192,0.075,0.0,64,3.91
2017-03-14,Paid Search,6680.24,316000,6320,0.02,1.06,158,42.28
2017-03-14,Paid Social,7603.8,276000,5520,0.02,1.38,138,55.1
2017-03-21,Display,5064.78,124000,2480,0.02,2.04,62,81.69
2017-03-21,Email,250.0,2360,177,0.075,0.0,59,4.24
2017-03-21,Paid Search,6996.9,332000,6640,0.02,1.05,166,42.15
2017-03-21,Paid Social,7282.18,254000,5080,0.02,1.43,127,57.34
2017-03-28,Display,3226.86,84000,1680,0.02,1.92,42,76.83
2017-03-28,Email,250.0,2000,150,0.075,0.0,50,5.0
2017-03-28,Paid Search,4854.52,242000,4840,0.02,1.0,121,40.12
2017-03-28,Paid Social,6849.81,222000,4440,0.02,1.54,111,61.71
2017-04-04,Display,2518.4,64000,1280,0.02,1.97,32,78.7
2017-04-04,Email,250.0,2440,183,0.075,0.0,61,4.1
2017-04-04,Paid Search,7031.82,326000,6520,0.02,1.08,163,43.14
2017-04-04,Paid Social,5969.36,248000,4960,0.02,1.2,124,48.14
2017-04-11,Display,2708.77,74000,1480,0.02,1.83,37,73.21
2017-04-11,Email,250.0,1920,144,0.075,0.0,48,5.21
2017-04-11,Paid Search,3636.6,190000,3800,0.02,0.96,95,38.28
2017-04-11,Paid Social,5190.1,170000,3400,0.02,1.53,85,61.06
2017-04-18,Display,4339.44,98000,1960,0.02,2.21,49,88.56
2017-04-18,Email,250.0,2680,201,0.075,0.0,67,3.73
2017-04-18,Paid Search,5028.3,302000,6040,0.02,0.83,151,33.3
2017-04-18,Paid Social,6661.2,240000,4800,0.02,1.39,120,55.51
2017-04-25,Display,4020.66,126000,2520,0.02,1.6,63,63.82
2017-04-25,Email,250.0,2600,195,0.075,0.0,65,3.85
2017-04-25,Paid Search,7740.02,346000,6920,0.02,1.12,173,44.74
2017-04-25,Paid Social,6718.95,270000,5400,0.02,1.24,135,49.77
2017-05-02,Display,3930.48,106000,2120,0.02,1.85,53,74.16
2017-05-02,Email,250.0,3200,240,0.075,0.0,80,3.12
2017-05-02,Paid Search,9292.14,418000,8360,0.02,1.11,209,44.46
2017-05-02,Paid Social,10320.22,332000,6640,0.02,1.55,166,62.17
2017-05-09,Display,6191.5,140000,2800,0.02,2.21,70,88.45
2017-05-09,Email,250.0,3600,270,0.075,0.0,90,2.78
2017-05-09,Paid Search,9004.87,394000,7880,0.02,1.14,197,45.71
2017-05-09,Paid Social,10015.25,350000,7000,0.02,1.43,175,57.23
2017-05-16,Display,7780.41,174000,3480,0.02,2.24,87,89.43
2017-05-16,Email,250.0,3640,273,0.075,0.0,91,2.75
2017-05-16,Paid Search,12484.08,504000,10080,0.02,1.24,252,49.54
2017-05-16,Paid Social,10812.34,374000,7480,0.02,1.45,187,57.82
2017-05-23,Display,4467.16,116000,2320,0.02,1.93,58,77.02
2017-05-23,Email,250.0,3440,258,0.075,0.0,86,2.91
2017-05-23,Paid Search,9098.8,430000,8600,0.02,1.06,215,42.32
2017-05-23,Paid Social,9400.75,310000,6200,0.02,1.52,155,60.65
2017-05-30,Display,5421.0,130000,2600,0.02,2.08,65,83.4
2017-05-30,Email,250.0,3360,252,0.075,0.0,84,2.98
2017-05-30,Paid Search,7353.05,398000,7960,0.02,0.92,199,36.95
2017-05-30,Paid Social,9529.98,348000,6960,0.02,1.37,174,54.77
2017-06-06,Display,2905.74,108000,2160,0.02,1.35,54,53.81
2017-06-06,Email,250.0,3880,291,0.075,0.0,97,2.58
2017-06-06,Paid Search,7111.65,390000,7800,0.02,0.91,195,36.47
2017-06-06,Paid Social,13589.94,364000,7280,0.02,1.87,182,74.67
2017-06-13,Display,4635.39,122000,2440,0.02,1.9,61,75.99
2017-06-13,Email,250.0,3440,258,0.075,0.0,86,2.91
2017-06-13,Paid Search,9176.0,370000,7400,0.02,1.24,185,49.6
2017-06-13,Paid Social,8793.85,326000,6520,0.02,1.35,163,53.95
2017-06-20,Display,3980.64,96000,1920,0.02,2.07,48,82.93
2017-06-20,Email,250.0,2720,204,0.075,0.0,68,3.68
2017-06-20,Paid Search,4919.12,272000,5440,0.02,0.9,136,36.17
2017-06-20,Paid Social,6345.42,204000,4080,0.02,1.56,102,62.21
2017-06-27,Display,5183.46,116000,2320,0.02,2.23,58,89.37
2017-06-27,Email,250.0,3800,285,0.075,0.0,95,2.63
2017-06-27,Paid Search,8940.12,406000,8120,0.02,1.1,203,44.04
2017-06-27,Paid Social,7882.56,272000,5440,0.02,1.45,136,57.96
2017-07-04,Display,5705.05,130000,2600,0.02,2.19,65,87.77
2017-07-04,Email,250.0,3680,276,0.075,0.0,92,2.72
2017-07-04,Paid Search,10825.92,432000,8640,0.02,1.25,216,50.12
2017-07-04,Paid Social,11095.38,324000,6480,0.02,1.71,162,68.49
2017-07-11,Display,4978.28,136000,2720,0.02,1.83,68,73.21
2017-07-11,Email,250.0,4080,306,0.075,0.0,102,2.45
2017-07-11,Paid Search,10136.25,510000,10200,0.02,0.99,255,39.75
2017-07-11,Paid Social,14705.16,402000,8040,0.02,1.83,201,73.16
2017-07-18,Display,6966.86,172000,3440,0.02,2.03,86,81.01
2017-07-18,Email,250.0,4000,300,0.075,0.0,100,2.5
2017-07-18,Paid Search,9475.4,472000,9440,0.02,1.0,236,40.15
2017-07-18,Paid Social,14868.16,388000,7760,0.02,1.92,194,76.64
2017-07-25,Display,3659.6,112000,2240,0.02,1.63,56,65.35
2017-07-25,Email,250.0,3800,285,0.075,0.0,95,2.63
2017-07-25,Paid Search,10551.5,470000,9400,0.02,1.12,235,44.9
2017-07-25,Paid Social,10694.34,354000,7080,0.02,1.51,177,60.42
2017-08-01,Display,7949.04,176000,3520,0.02,2.26,88,90.33
2017-08-01,Email,250.0,4480,336,0.075,0.0,112,2.23
2017-08-01,Paid Search,10112.4,424000,8480,0.02,1.19,212,47.7
2017-08-01,Paid Social,10678.0,400000,8000,0.02,1.33,200,53.39
2017-08-08,Display,7407.4,148000,2960,0.02,2.5,74,100.1
2017-08-08,Email,250.0,4240,318,0.075,0.0,106,2.36
2017-08-08,Paid Search,7862.55,430000,8600,0.02,0.91,215,36.57
2017-08-08,Paid Social,12054.66,372000,7440,0.02,1.62,186,64.81
2017-08-15,Display,7077.28,178000,3560,0.02,1.99,89,79.52
2017-08-15,Email,250.0,4320,324,0.075,0.0,108,2.31
2017-08-15,Paid Search,8601.29,482000,9640,0.02,0.89,241,35.69
2017-08-15,Paid Social,11483.06,452000,9040,0.02,1.27,226,50.81
2017-08-22,Display,4093.03,134000,2680,0.02,1.53,67,61.09
2017-08-22,Email,250.0,3720,279,0.075,0.0,93,2.69
2017-08-22,Paid Search,10265.45,442000,8840,0.02,1.16,221,46.45
2017-08-22,Paid Social,11922.8,328000,6560,0.02,1.82,164,72.7
2017-08-29,Display,4341.12,152000,3040,0.02,1.43,76,57.12
2017-08-29,Email,250.0,3800,285,0.075,0.0,95,2.63
2017-08-29,Paid Search,10522.8,474000,9480,0.02,1.11,237,44.4
2017-08-29,Paid Social,9482.0,400000,8000,0.02,1.19,200,47.41
2017-09-05,Display,5599.44,132000,2640,0.02,2.12,66,84.84
2017-09-05,Email,250.0,3840,288,0.075,0.0,96,2.6
2017-09-05,Paid Search,7878.2,440000,8800,0.02,0.9,220,35.81
2017-09-05,Paid Social,9839.34,378000,7560,0.02,1.3,189,52.06
2017-09-12,Display,6739.29,206000,4120,0.02,1.64,103,65.43
2017-09-12,Email,250.0,4320,324,0.075,0.0,108,2.31
2017-09-12,Paid Search,13910.73,606000,12120,0.02,1.15,303,45.91
2017-09-12,Paid Social,15415.08,456000,9120,0.02,1.69,228,67.61
2017-09-19,Display,5223.48,152000,3040,0.02,1.72,76,68.73
2017-09-19,Email,250.0,4240,318,0.075,0.0,106,2.36
2017-09-19,Paid Search,10418.1,484000,9680,0.02,1.08,242,43.05
2017-09-19,Paid Social,10389.9,354000,7080,0.02,1.47,177,58.7
2017-09-26,Display,4495.14,156000,3120,0.02,1.44,78,57.63
2017-09-26,Email,250.0,3720,279,0.075,0.0,93,2.69
2017-09-26,Paid Search,11325.12,502000,10040,0.02,1.13,251,45.12
2017-09-26,Paid Social,8609.36,368000,7360,0.02,1.17,184,46.79
2017-10-03,Display,7543.76,152000,3040,0.02,2.48,76,99.26
2017-10-03,Email,250.0,3520,264,0.075,0.0,88,2.84
2017-10-03,Paid Search,10190.48,508000,10160,0.02,1.0,254,40.12
2017-10-03,Paid Social,10210.69,398000,7960,0.02,1.28,199,51.31
2017-10-10,Display,5865.46,164000,3280,0.02,1.79,82,71.53
2017-10-10,Email,250.0,4360,327,0.075,0.0,109,2.29
2017-10-10,Paid Search,12999.87,542000,10840,0.02,1.2,271,47.97
2017-10-10,Paid Social,9559.3,436000,8720,0.02,1.1,218,43.85
2017-10-17,Display,5487.2,160000,3200,0.02,1.71,80,68.59
2017-10-17,Email,250.0,4400,330,0.075,0.0,110,2.27
2017-10-17,Paid Search,12425.4,540000,10800,0.02,1.15,270,46.02
2017-10-17,Paid Social,15230.4,456000,9120,0.02,1.67,228,66.8
2017-10-24,Display,5579.4,170000,3400,0.02,1.64,85,65.64
2017-10-24,Email,250.0,3840,288,0.075,0.0,96,2.6
2017-10-24,Paid Search,14432.04,498000,9960,0.02,1.45,249,57.96
2017-10-24,Paid Social,9303.65,370000,7400,0.02,1.26,185,50.29
2017-10-31,Display,6246.81,186000,3720,0.02,1.68,93,67.17
2017-10-31,Email,250.0,4200,315,0.075,0.0,105,2.38
2017-10-31,Paid Search,10469.76,456000,9120,0.02,1.15,228,45.92
2017-10-31,Paid Social,11624.26,382000,7640,0.02,1.52,191,60.86
2017-11-07,Display,8581.35,190000,3800,0.02,2.26,95,90.33
2017-11-07,Email,250.0,4680,351,0.075,0.0,117,2.14
2017-11-07,Paid Search,15391.5,662000,13240,0.02,1.16,331,46.5
2017-11-07,Paid Social,13577.94,482000,9640,0.02,1.41,241,56.34
2017-11-14,Display,9898.28,232000,4640,0.02,2.13,116,85.33
2017-11-14,Email,250.0,5840,438,0.075,0.0,146,1.71
2017-11-14,Paid Search,13496.36,632000,12640,0.02,1.07,316,42.71
2017-11-14,Paid Social,12375.2,496000,9920,0.02,1.25,248,49.9
2017-11-21,Display,17210.96,494000,9880,0.02,1.74,247,69.68
2017-11-21,Email,250.0,13480,1011,0.075,0.0,337,0.74
2017-11-21,Paid Search,37465.11,1598000,31960,0.02,1.17,799,46.89
2017-11-21,Paid Social,35374.32,1236000,24720,0.02,1.43,618,57.24
2017-11-28,Display,13158.45,342000,6840,0.02,1.92,171,76.95
2017-11-28,Email,250.0,8440,633,0.075,0.0,211,1.18
2017-11-28,Paid Search,25049.4,996000,19920,0.02,1.26,498,50.3
2017-11-28,Paid Social,25784.28,804000,16080,0.02,1.6,402,64.14
2017-12-05,Display,8660.48,256000,5120,0.02,1.69,128,67.66
2017-12-05,Email,250.0,7200,540,0.075,0.0,180,1.39
2017-12-05,Paid Search,17684.1,802000,16040,0.02,1.1,401,44.1
2017-12-05,Paid Social,11730.3,610000,12200,0.02,0.96,305,38.46
2017-12-12,Display,6411.0,200000,4000,0.02,1.6,100,64.11
2017-12-12,Email,250.0,5440,408,0.075,0.0,136,1.84
2017-12-12,Paid Search,10677.52,644000,12880,0.02,0.83,322,33.16
2017-12-12,Paid Social,15566.04,522000,10440,0.02,1.49,261,59.64
2017-12-19,Display,5033.29,118000,2360,0.02,2.13,59,85.31
2017-12-19,Email,250.0,3680,276,0.075,0.0,92,2.72
2017-12-19,Paid Search,9384.1,418000,8360,0.02,1.12,209,44.9
2017-12-19,Paid Social,9820.53,342000,6840,0.02,1.44,171,57.43
2017-12-26,Display,5408.07,142000,2840,0.02,1.9,71,76.17
2017-12-26,Email,250.0,3800,285,0.075,0.0,95,2.63
2017-12-26,Paid Search,8887.04,424000,8480,0.02,1.05,212,41.92
2017-12-26,Paid Social,9447.9,308000,6160,0.02,1.53,154,61.35
2018-01-02,Display,10790.0,250000,5000,0.02,2.16,125,86.32
2018-01-02,Email,250.0,6880,516,0.075,0.0,172,1.45
2018-01-02,Paid Search,19646.1,830000,16600,0.02,1.18,415,47.34
2018-01-02,Paid Social,18289.06,586000,11720,0.02,1.56,293,62.42
2018-01-09,Display,13488.1,310000,6200,0.02,2.18,155,87.02
2018-01-09,Email,250.0,7000,525,0.075,0.0,175,1.43
2018-01-09,Paid Search,20687.37,902000,18040,0.02,1.15,451,45.87
2018-01-09,Paid Social,22425.9,708000,14160,0.02,1.58,354,63.35
2018-01-16,Display,10828.8,256000,5120,0.02,2.11,128,84.6
2018-01-16,Email,250.0,7400,555,0.075,0.0,185,1.35
2018-01-16,Paid Search,15482.88,864000,17280,0.02,0.9,432,35.84
2018-01-16,Paid Social,15000.44,676000,13520,0.02,1.11,338,44.38
2018-01-23,Display,6332.55,222000,4440,0.02,1.43,111,57.05
2018-01-23,Email,250.0,6480,486,0.075,0.0,162,1.54
2018-01-23,Paid Search,18701.25,750000,15000,0.02,1.25,375,49.87
2018-01-23,Paid Social,19251.12,588000,11760,0.02,1.64,294,65.48
2018-01-30,Display,10023.39,234000,4680,0.02,2.14,117,85.67
2018-01-30,Email,250.0,6680,501,0.075,0.0,167,1.5
2018-01-30,Paid Search,17084.97,846000,16920,0.02,1.01,423,40.39
2018-01-30,Paid Social,25113.06,684000,13680,0.02,1.84,342,73.43
2018-02-06,Display,12931.1,260000,5200,0.02,2.49,130,99.47
2018-02-06,Email,250.0,6400,480,0.075,0.0,160,1.56
2018-02-06,Paid Search,16458.75,770000,15400,0.02,1.07,385,42.75
2018-02-06,Paid Social,16955.21,626000,12520,0.02,1.35,313,54.17
2018-02-13,Display,8994.39,282000,5640,0.02,1.59,141,63.79
2018-02-13,Email,250.0,6560,492,0.075,0.0,164,1.52
2018-02-13,Paid Search,17348.94,882000,17640,0.02,0.98,441,39.34
2018-02-13,Paid Social,16704.0,640000,12800,0.02,1.3,320,52.2
2018-02-20,Display,10787.6,298000,5960,0.02,1.81,149,72.4
2018-02-20,Email,250.0,7080,531,0.075,0.0,177,1.41
2018-02-20,Paid Search,24298.89,938000,18760,0.02,1.3,469,51.81
2018-02-20,Paid Social,18853.56,648000,12960,0.02,1.45,324,58.19
2018-02-27,Display,10592.1,270000,5400,0.02,1.96,135,78.46
2018-02-27,Email,250.0,7760,582,0.075,0.0,194,1.29
2018-02-27,Paid Search,24119.41,994000,19880,0.02,1.21,497,48.53
2018-02-27,Paid Social,20931.92,752000,15040,0.02,1.39,376,55.67
2018-03-06,Display,7623.0,242000,4840,0.02,1.58,121,63.0
2018-03-06,Email,250.0,6760,507,0.075,0.0,169,1.48
2018-03-06,Paid Search,15133.74,802000,16040,0.02,0.94,401,37.74
2018-03-06,Paid Social,16197.78,618000,12360,0.02,1.31,309,52.42
2018-03-13,Display,8797.44,256000,5120,0.02,1.72,128,68.73
2018-03-13,Email,250.0,7800,585,0.075,0.0,195,1.28
2018-03-13,Paid Search,17013.0,856000,17120,0.02,0.99,428,39.75
2018-03-13,Paid Social,24087.22,614000,12280,0.02,1.96,307,78.46
2018-03-20,Display,10625.68,272000,5440,0.02,1.95,136,78.13
2018-03-20,Email,250.0,6880,516,0.075,0.0,172,1.45
2018-03-20,Paid Search,24935.34,876000,17520,0.02,1.42,438,56.93
2018-03-20,Paid Social,17011.84,608000,12160,0.02,1.4,304,55.96
2018-03-27,Display,11524.86,258000,5160,0.02,2.23,129,89.34
2018-03-27,Email,250.0,6160,462,0.075,0.0,154,1.62
2018-03-27,Paid Search,16414.24,692000,13840,0.02,1.19,346,47.44
2018-03-27,Paid Social,13818.96,612000,12240,0.02,1.13,306,45.16
2018-04-03,Display,8039.47,262000,5240,0.02,1.53,131,61.37
2018-04-03,Email,250.0,7480,561,0.075,0.0,187,1.34
2018-04-03,Paid Search,16219.72,764000,15280,0.02,1.06,382,42.46
2018-04-03,Paid Social,21730.28,572000,11440,0.02,1.9,286,75.98
2018-04-10,Display,7176.0,240000,4800,0.02,1.5,120,59.8
2018-04-10,Email,250.0,6600,495,0.075,0.0,165,1.52
2018-04-10,Paid Search,22717.02,804000,16080,0.02,1.41,402,56.51
2018-04-10,Paid Social,17273.76,636000,12720,0.02,1.36,318,54.32
2018-04-17,Display,11083.14,268000,5360,0.02,2.07,134,82.71
2018-04-17,Email,250.0,6400,480,0.075,0.0,160,1.56
2018-04-17,Paid Search,22717.44,816000,16320,0.02,1.39,408,55.68
2018-04-17,Paid Social,18074.1,660000,13200,0.02,1.37,330,54.77
2018-04-24,Display,10231.98,222000,4440,0.02,2.3,111,92.18
2018-04-24,Email,250.0,6240,468,0.075,0.0,156,1.6
2018-04-24,Paid Search,16694.5,772000,15440,0.02,1.08,386,43.25
2018-04-24,Paid Social,16660.02,636000,12720,0.02,1.31,318,52.39
2018-05-01,Display,12186.71,298000,5960,0.02,2.04,149,81.79
2018-05-01,Email,250.0,8720,654,0.075,0.0,218,1.15
2018-05-01,Paid Search,21321.9,894000,17880,0.02,1.19,447,47.7
2018-05-01,Paid Social,14478.75,702000,14040,0.02,1.03,351,41.25
2018-05-08,Display,12388.41,306000,6120,0.02,2.02,153,80.97
2018-05-08,Email,250.0,8880,666,0.075,0.0,222,1.13
2018-05-08,Paid Search,13918.86,954000,19080,0.02,0.73,477,29.18
2018-05-08,Paid Social,19734.25,818000,16360,0.02,1.21,409,48.25
2018-05-15,Display,11318.45,286000,5720,0.02,1.98,143,79.15
2018-05-15,Email,250.0,7320,549,0.075,0.0,183,1.37
2018-05-15,Paid Search,17027.4,740000,14800,0.02,1.15,370,46.02
2018-05-15,Paid Social,21856.2,730000,14600,0.02,1.5,365,59.88
2018-05-22,Display,4091.36,112000,2240,0.02,1.83,56,73.06
2018-05-22,Email,250.0,4080,306,0.075,0.0,102,2.45
2018-05-22,Paid Search,9262.9,422000,8440,0.02,1.1,211,43.9
2018-05-22,Paid Social,7692.72,336000,6720,0.02,1.14,168,45.79
2018-05-29,Display,6745.44,208000,4160,0.02,1.62,104,64.86
2018-05-29,Email,250.0,5200,390,0.075,0.0,130,1.92
2018-05-29,Paid Search,10387.34,548000,10960,0.02,0.95,274,37.91
2018-05-29,Paid Social,19433.07,526000,10520,0.02,1.85,263,73.89
2018-06-05,Display,9468.42,244000,4880,0.02,1.94,122,77.61
2018-06-05,Email,250.0,5800,435,0.075,0.0,145,1.72
2018-06-05,Paid Search,19097.43,726000,14520,0.02,1.32,363,52.61
2018-06-05,Paid Social,18664.65,590000,11800,0.02,1.58,295,63.27
2018-06-12,Display,8651.48,248000,4960,0.02,1.74,124,69.77
2018-06-12,Email,250.0,6440,483,0.075,0.0,161,1.55
2018-06-12,Paid Search,14169.12,672000,13440,0.02,1.05,336,42.17
2018-06-12,Paid Social,16948.0,608000,12160,0.02,1.39,304,55.75
2018-06-19,Display,9760.23,222000,4440,0.02,2.2,111,87.93
2018-06-19,Email,250.0,5600,420,0.075,0.0,140,1.79
2018-06-19,Paid Search,16763.22,666000,13320,0.02,1.26,333,50.34
2018-06-19,Paid Social,19313.38,596000,11920,0.02,1.62,298,64.81
2018-06-26,Display,7251.39,214000,4280,0.02,1.69,107,67.77
2018-06-26,Email,250.0,5400,405,0.075,0.0,135,1.85
2018-06-26,Paid Search,13057.38,602000,12040,0.02,1.08,301,43.38
2018-06-26,Paid Social,19359.81,558000,11160,0.02,1.73,279,69.39
2018-07-03,Display,7337.2,166000,3320,0.02,2.21,83,88.4
2018-07-03,Email,250.0,4120,309,0.075,0.0,103,2.43
2018-07-03,Paid Search,10631.52,552000,11040,0.02,0.96,276,38.52
2018-07-03,Paid Social,14416.68,444000,8880,0.02,1.62,222,64.94
2018-07-10,Display,5534.35,170000,3400,0.02,1.63,85,65.11
2018-07-10,Email,250.0,4880,366,0.075,0.0,122,2.05
2018-07-10,Paid Search,10010.96,578000,11560,0.02,0.87,289,34.64
2018-07-10,Paid Social,13151.63,422000,8440,0.02,1.56,211,62.33
2018-07-17,Display,5850.0,250000,5000,0.02,1.17,125,46.8
2018-07-17,Email,250.0,7440,558,0.075,0.0,186,1.34
2018-07-17,Paid Search,16853.76,836000,16720,0.02,1.01,418,40.32
2018-07-17,Paid Social,22220.58,708000,14160,0.02,1.57,354,62.77
2018-07-24,Display,9860.08,236000,4720,0.02,2.09,118,83.56
2018-07-24,Email,250.0,6880,516,0.075,0.0,172,1.45
2018-07-24,Paid Search,14754.96,828000,16560,0.02,0.89,414,35.64
2018-07-24,Paid Social,17255.1,678000,13560,0.02,1.27,339,50.9
2018-07-31,Display,11324.36,356000,7120,0.02,1.59,178,63.62
2018-07-31,Email,250.0,8520,639,0.075,0.0,213,1.17
2018-07-31,Paid Search,22955.9,1018000,20360,0.02,1.13,509,45.1
2018-07-31,Paid Social,22016.28,858000,17160,0.02,1.28,429,51.32
2018-08-07,Display,13456.52,308000,6160,0.02,2.18,154,87.38
2018-08-07,Email,250.0,7600,570,0.075,0.0,190,1.32
2018-08-07,Paid Search,20751.66,926000,18520,0.02,1.12,463,44.82
2018-08-07,Paid Social,20131.23,714000,14280,0.02,1.41,357,56.39
2018-08-14,Display,13915.33,286000,5720,0.02,2.43,143,97.31
2018-08-14,Email,250.0,6520,489,0.075,0.0,163,1.53
2018-08-14,Paid Search,19776.8,944000,18880,0.02,1.05,472,41.9
2018-08-14,Paid Social,17576.05,710000,14200,0.02,1.24,355,49.51
2018-08-21,Display,4727.48,146000,2920,0.02,1.62,73,64.76
2018-08-21,Email,250.0,3200,240,0.075,0.0,80,3.12
2018-08-21,Paid Search,8515.96,422000,8440,0.02,1.01,211,40.36
2018-08-21,Paid Social,13349.6,370000,7400,0.02,1.8,185,72.16
2018-08-28,Display,481.02,12000,240,0.02,2.0,6,80.17
2018-08-28,Email,250.0,200,15,0.075,0.0,5,50.0
2018-08-28,Paid Search,524.0,32000,640,0.02,0.82,16,32.75
2018-08-28,Paid Social,640.3,20000,400,0.02,1.6,10,64.03
2018-09-04,Paid Social,55.24,2000,40,0.02,1.38,1,55.24
2018-09-11,Email,250.0,40,3,0.075,0.0,1,250.0
2018-09-25,Paid Search,43.35,2000,40,0.02,1.08,1,43.35
2018-09-25,Paid Social,53.99,2000,40,0.02,1.35,1,53.99
2018-10-02,Email,250.0,40,3,0.075,0.0,1,250.0
2018-10-16,Paid Search,40.55,2000,40,0.02,1.01,1,40.55
